{"cameraMode":{"drawMode":0,"name":"Shaded","section":"Shading Mode"},"sceneLighting":false,"audioPlay":false,"sceneViewState":{"m_AlwaysRefresh":false,"showFog":true,"showSkybox":false,"showFlares":true,"showImageEffects":true,"showParticleSystems":true,"showVisualEffectGraphs":true,"m_FxEnabled":true},"in2DMode":false,"pivot":{"x":-0.46363386511802676,"y":2.7041001319885256,"z":-2.831345319747925},"rotation":{"x":0.25222310423851015,"y":-0.19293855130672456,"z":0.051353372633457187,"w":0.9468775391578674},"size":0.6965318918228149,"orthographic":false}