{"cameraMode":{"drawMode":0,"name":"Shaded","section":"Shading Mode"},"sceneLighting":true,"audioPlay":false,"sceneViewState":{"m_AlwaysRefresh":false,"showFog":true,"showSkybox":true,"showFlares":true,"showImageEffects":true,"showParticleSystems":true,"showVisualEffectGraphs":true,"m_FxEnabled":true},"in2DMode":false,"pivot":{"x":0.06728869676589966,"y":4.027544021606445,"z":-5.302412986755371},"rotation":{"x":0.49694421887397768,"y":0.10489977151155472,"z":-0.06071615219116211,"w":0.8593091368675232},"size":2.902940273284912,"orthographic":false}